Station Name,Station ID,NWSLI,Station Lat,Station Lon,HAT,MHHW,MSL,MLLW,Obs?,Tide?,Tide Type,Ref,Stat,Maxval,Maxtime
Red-Dog-Dock-AK,9491094,RDDA2,67.575,-164.065,1.72,1.00,0.49,0.00,1,1,P,0,3,1.1,1
Ketchikan-AK,9450460,KECA2,55.33,-131.63,19.61,15.45,8.07,0.00,1,1,P,0,1,1.1,1
St.-Michael-Norton-Sound-AK,9468132,SMBA2,63.48,-162.04,5.71,3.89,1.83,0.00,1,1,P,0,2,1.1,1
Clarks-Point-Nushagak-Bay-AK,9465261,ZZZZZ,58.85,-158.55,24.64,20.67,10.97,0.00,0,1,P,0,1,1.1,1
Village-Cove-AK,9464212,VCVA2,57.13,-170.29,4.31,3.24,1.88,0.00,1,1,P,0,2,1.1,1
Seldovia-AK,9455500,OVIA2,59.44,-151.72,23.31,18.05,9.56,0.00,1,1,P,0,1,1.1,1
Cordova-AK,9454050,CRVA2,60.56,-145.75,16.17,12.59,6.74,0.00,1,1,P,0,1,1.1,1
Atka-AK,9461710,ATKA2,52.23,-174.17,5.19,3.42,1.97,0.00,1,1,P,0,2,1.1,1
Unalaska-AK,9462620,UNLA2,53.88,-166.54,5.13,3.60,2.08,0.00,1,1,P,0,2,1.1,1
Alitak-AK,9457804,ALIA2,56.9,-154.25,15.21,11.73,6.17,0.00,1,1,P,0,1,1.1,1
Port-Alexander-AK,9451054,PLXA2,56.41,-134.45,14.03,10.93,5.73,0.00,1,1,P,0,1,1.1,1
Yakutat-AK,9453220,YATA2,59.55,-139.74,13.10,10.08,5.30,0.00,1,1,P,0,1,1.1,1
King-Cove-AK,9459881,KGCA2,55.06,-162.33,9.05,6.82,3.68,0.00,1,1,P,0,1,1.1,1
Adak-Island-AK,9461380,ADKA2,51.86,-176.63,5.61,3.71,2.13,0.00,1,1,P,0,2,1.1,1
Nikiski-AK,9455760,NKTA2,60.68,-151.4,25.57,20.54,11.29,0.00,1,1,P,0,1,1.1,1
Cape-Romanzof-AK,ber0007,ZZZZZ,61.82,-166.08,8.01,6.52,3.26,0.03,0,1,S,9465261,2,1.1,1
Kwikluak-Pass-Yukon-River-AK,ber0006,ZZZZZ,62.62,-164.85,1.94,1.58,0.7,0,0,1,S,9465261,2,1.1,1
Kawanak-Pass-Ent-Yukon-R-AK,ber0005,ZZZZZ,63.05,-164.69,2.43,1.98,0.97,0.01,0,1,S,9465261,2,1.1,1
Apoon-Mouth-Yukon-River-AK,ber0004,ZZZZZ,63.06,-163.32,5.71,3.92,1.95,0.32,0,1,S,9468132,3,1.1,1
Carolyn-Is-Golovin-Bay-AK,ber0003,GLTA2,64.45,-162.87,2.63,1.8,0.9,0.14,1,1,S,9468132,2,1.1,1
Port-Clarence-AK,ber0002,TLTA2,65.25,-166.57,1.25,1.18,0.6,0.0,1,1,P,0,3,1.1,1
Point-Barrow-AK,ber0001,ZZZZZ,71.37,-156.37,1.30,0.66,0.31,0,0,1,P,0,3,1.1,1
Apokak-Creek-Ent-AK,9466079,ZZZZZ,60.14,-162.16,13.59,11.07,4.67,0.02,0,1,S,9465396,3,1.1,1
St-Lrnce-Niyrakpak-Lagn-Ent-AK,ber0008,ZZZZZ,63.62,-171.38,3.41,2.41,1.22,0.0,0,1,P,0,2,1.1,1
Elfin-Cove-AK,9452634,ELFA2,58.19,-136.34,14.21,11.00,5.73,0.00,1,1,P,0,1,1.1,1
Valdez-AK,9454240,VDZA2,61,-146.76,15.64,12.14,6.49,0.00,1,1,P,0,1,1.1,1
Skagway-AK,9452400,SKTA2,59.45,-135.33,21.03,16.73,8.83,0.00,1,1,P,0,1,1.1,1
Seward-AK,9455090,SWLA2,60.12,-149.43,13.95,10.63,5.56,0.00,1,1,P,0,1,1.1,1
Kodiak-Island-AK,9457292,KDAA2,57.73,-152.51,11.50,8.77,4.50,0.00,1,1,P,0,1,1.1,1
Naknek-River-Ent-#13-AK,ber0014,ZZZZZ,58.71,-157.23,23.44,20.04,9.14,0.0,0,1,P,0,1,1.1,1
Egegik-River-Ent-AK,ber0015,ZZZZZ,58.21,-157.62,17.99,15.23,7.39,0,0,1,P,0,1,1.1,1
Port-Heiden-AK,ber0016,ZZZZZ,56.93,-158.73,14.66,11.61,6.42,0.0,0,1,P,0,1,1.1,1
Popokamute-AK,ber0010,ZZZZZ,60.07,-162.25,14.54,11.02,5.05,0.0,0,1,P,0,2,1.1,1
Kuskokwak-Creek-Ent-AK,ber0011,ZZZZZ,60.03,-162.17,13.83,11.27,4.74,0.02,0,1,S,9465261,1,1.1,1
Eek-Channel-off-Quinhagak-AK,ber0012,ZZZZZ,59.75,-162.25,13.84,11.28,4.74,0.02,0,1,S,9465261,1,1.1,1
Goodnews-Bay-Ent-AK,ber0013,ZZZZZ,59.05,-161.82,9.22,7.52,3.5,0.02,0,1,S,9465261,1,1.1,1
Port-Moller-AK,9463502,PMOA2,55.96,-160.61,13.26,10.48,5.85,0.00,1,1,P,0,2,1.1,1
Sitka-AK,9451600,ITKA2,56.9,-135.7,12.79,9.94,5.29,0.00,1,1,P,0,1,1.1,1
Prudhoe-Bay-AK,9497645,PRDA2,70.4117,-148.5317,1.38,0.70,0.34,0.00,1,1,P,0,3,1.1,1
Nikolski-AK,9462450,OLSA2,52.95,-168.9,5.77,4.00,2.30,0.00,0,1,P,0,2,1.1,1
Anchorage-AK,9455920,ANTA2,61.24,-149.89,33.78,29.16,16.47,0.00,1,1,P,0,1,1.1,1
Juneau-AK,9452210,JNEA2,58.3,-134.41,20.59,16.30,8.58,0.00,1,1,P,0,1,1.1,1
Nome-Norton-Sound-AK,9468756,NMTA2,64.5,-165.43,2.16,1.53,0.82,0.00,1,1,P,0,2,1.1,1
Sand-Point-AK,9459450,SNDA2,55.34,-160.5,9.59,7.23,3.87,0.00,1,1,P,0,2,1.1,1
Shishmaref-Inlet-2-AK,9469854,SHTA2,66.26,-166.02,1.31,1.03,0.51,0.00,1,1,P,0,3,1.1,1
Shaktoolik-AK,9468691,SFTA2,64.38,-161.24,5.70,3.73,1.67,0.00,1,1,P,0,2,1.1,1
Unalakleet-AK,9468333,ULRA2,63.88,-160.79,5.19,3.45,1.55,0.00,1,1,P,0,2,1.1,1
Craig-AK,9450551,ZZZZZ,55.49,-133.14,12.61,10.17,5.34,0.00,0,1,P,0,1,1.1,1
Kaktovik-AK,9499176,ZZZZZ,70.13,-143.61,0.77,0.61,0.28,0.00,0,1,P,0,2,1.1,1
Point-Hope-AK,9491873,ZZZZZ,68.34,-166.81,1.57,0.67,0.33,0.00,0,1,P,0,3,1.1,1
Cape-Krusenstern-AK,9490571,ZZZZZ,67.05,-163.32,0.68,0.65,0.23,0.00,0,1,P,0,3,1.1,1
Cape-Espenberg-AK,9490096,ZZZZZ,66.58,-164.25,1.21,0.99,0.53,0.00,0,1,P,0,3,1.1,1
Goodhope-Bay-AK,9469833,ZZZZZ,66.23,-163.9,2.19,1.69,0.88,0.00,0,1,P,0,3,1.1,1
Wales-AK,9469515,WALA2,65.73,-168.03,1.26,0.96,0.47,0.00,0,1,P,0,3,1.1,1
Tin-City-AK,9469439,ZZZZZ,65.56,-167.97,1.18,1.02,0.47,0.00,0,1,P,0,3,1.1,1
Lost-River-AK,9469338,ZZZZZ,65.39,-167.15,1.20,1.09,0.52,0.00,0,1,P,0,3,1.1,1
Point-Spencer-Point-Clarence-AK,9469237,ZZZZZ,65.26,-166.85,1.43,1.28,0.73,0.00,0,1,P,0,3,1.1,1
Savoonga-AK,9468258,ZZZZZ,63.68,-170.54,3.25,2.56,1.28,0.00,0,1,P,0,1,1.1,1
Northeast-Cape-St.-Lawrence-Island-AK,9468039,ZZZZZ,63.32,-168.97,3.19,2.46,1.25,0.00,0,1,P,0,1,1.1,1
Nunam-Iqua-AK,9467551,ZZZZZ,62.53,-164.85,3.62,2.64,1.05,0.00,0,1,P,0,2,1.1,1
Hooper-Bay-AK,9466931,HPBA2,61.53,-166.15,5.59,4.45,1.84,0.00,0,1,P,0,2,1.1,1
Tooksook-Bay-Nelson-Island-AK,9466298,ZZZZZ,60.52,-165.13,11.52,9.71,5.17,0.00,0,1,P,0,1,1.1,1
Mekoryuk-AK,9466217,ZZZZZ,60.42,-166.17,9.37,7.63,3.87,0.00,0,1,P,0,2,1.1,1
Eastern-Nunivak-Island-AK,9466012,ZZZZZ,60.04,-165.68,8.87,7.26,3.77,0.00,0,1,P,0,1,1.1,1
Kinak-Bay-AK,9465953,ZZZZZ,59.95,-164.21,11.94,9.39,4.76,0.00,0,1,P,0,2,1.1,1
Quinhagak-AK,9465831,ZZZZZ,59.75,-161.91,15.05,11.93,5.45,0.00,0,1,P,0,2,1.1,1
Platinum-AK,9465396,ZZZZZ,59.05,-161.82,11.99,9.43,3.84,0.00,0,1,P,0,2,1.1,1
Protection-Point-Nushagak-Bay-AK,9465056,ZZZZZ,58.5,-158.71,21.83,17.73,9.40,0.00,0,1,P,0,1,1.1,1
Togiak-Ak,ber0017,ZZZZZ,58.71,-160.19,13.25,10.06,5.35,0,0,1,S,9463502,1,1.1,1
Kipnuk-Ak,ber0018,ZZZZZ,59.95,-164.21,8.59,6.71,3.08,0,0,1,P,0,2,1.1,1
Port-Heiden-AK,ber0019,ZZZZZ,56.93,-158.73,14.66,11.61,6.42,0.0,0,1,P,0,1,1.1,1
Gustavus-AK,goa0001,ZZZZZ,58.46,-135.88,12.73,10.34,5.24,0,0,1,P,0,1,1.1,1
Wrangell-AK,goa0002,ZZZZZ,56.47,-132.39,0,0,0,0,0,0,P,0,9,1.1,1
Akutan-AK,ber0020,ZZZZZ,54.13,-165.78,4.84,3.73,2.16,0,0,1,P,0,3,1.1,1
Cape-Lisburne-Ak,ber0021,ZZZZZ,68.88,-166.21,0.51,0.33,0.17,0,0,1,P,0,3,1.1,1
Cold-Bay-AK,ber0022,ZZZZZ,55.21,-162.72,9.75,7.43,3.99,0,0,1,P,0,1,1.1,1
Diomede-AK,ber0023,ZZZZZ,65.76,-168.95,0.91,0.75,0.41,0,0,1,P,0,3,1.1,1
Elim-Ak,ber0024,ELTA2,64.62,-162.27,5.37,2.62,1.28,0,1,1,P,0,2,1.1,1
False-Pass-AK,ber0025,ZZZZZ,54.85,-163.41,5.97,4.16,2.44,0,0,1,P,0,1,1.1,1
Kongiganak-AK,ber0026,ZZZZZ,59.96,-162.89,6.63,4.74,1.94,0,0,1,P,0,2,1.1,1
Koyuk-AK,ber0027,ZZZZZ,64.93,-161.16,5.72,2.97,1.36,0,0,1,P,0,2,1.1,1
Newtok-AK,ber0030,ZZZZZ,60.94,-164.63,7.44,6.23,3.39,0,0,1,P,0,2,1.1,1
Oliktok-AK,ber0041,ZZZZZ,70.49,-149.88,0.82,0.6,0.31,0,0,1,P,0,3,1.1,1
Paimiut-AK,ber0031,ZZZZZ,61.69,-165.84,7.33,6.26,3.27,0,0,1,P,0,2,1.1,1
Pilot-Point-AK,ber0032,ZZZZZ,57.56,-157.57,16.67,13.55,6.88,0,0,1,P,0,1,1.1,1
Point-Lay-AK,ber0033,ZZZZZ,69.74,-163.01,0.58,0.39,0.2,0,0,1,P,0,3,1.1,1
Saint-George-AK,ber0034,ZZZZZ,56.6,-169.54,3.92,3.09,1.82,0,0,1,P,0,3,1.1,1
Scammon-Bay-AK,ber0035,ZZZZZ,61.84,-165.58,8.24,6.47,3.20,0,0,1,P,0,2,1.1,1
Solomon-AK,ber0036,ZZZZZ,64.56,-164.44,1.71,1.24,0.68,0,0,1,P,0,1,1.1,1
Stebbins-AK,ber0037,ZZZZZ,63.52,-162.29,5.23,2.65,1.21,0,0,1,P,0,2,1.1,1
Togiak-AK,ber0038,ZZZZZ,59.06,-160.38,5.9,4.34,2.37,0,0,1,P,0,1,1.1,1
Tununak-AK,ber0039,ZZZZZ,60.59,-165.25,8.97,7.92,4.19,0,0,1,P,0,2,1.1,1
Wainwright-AK,ber0040,ZZZZZ,70.64,-160.03,0.46,0.29,0.14,0,0,1,P,0,3,1.1,1
Chickasaw-Creek-AL,8737138,CIKA1,30.78,-88.07,2.46,1.72,0.86,0.00,1,1,P,0,3,1.1,1
Weeks-Bay-AL,8732828,WBYA1,30.42,-87.83,2.42,1.61,0.80,0.00,0,1,P,0,3,1.1,1
East-Fowl-River-Bridge-AL,8735523,EFRA1,30.44,-88.11,2.35,1.47,0.73,0.00,1,1,P,0,3,1.1,1
Mobile-State-Docks-AL,8737048,OBLA1,30.71,-88.04,2.35,1.65,0.82,0.00,1,1,P,0,3,1.1,1
Coast-Guard-Sector-Mobile-AL,8736897,MCGA1,30.65,-88.06,2.48,1.69,0.84,0.00,1,1,P,0,3,1.1,1
Bayou-La-Batre-Bridge-AL,8739803,BLBA1,30.41,-88.25,2.55,1.66,0.82,0.00,1,1,P,0,2,1.1,1
West-Fowl-River-Bridge-AL,8738043,WFRA1,30.38,-88.16,2.60,1.68,0.84,0.00,1,1,P,0,2,1.1,1
Dauphin-Island-AL,8735180,DILA1,30.25,-88.08,2.01,1.22,0.57,0.00,1,1,P,0,3,1.1,1
Dog-River-Bridge-AL,8735391,BYSA1,30.57,-88.09,2.46,1.64,0.80,0.00,1,1,P,0,3,1.1,1
Pillar-Point-Harbor-CA,9414131,ZZZZZ,37.5,-122.48,7.25,5.60,2.99,0.00,0,1,P,0,2,1.1,1
Port-San-Luis-CA,9412110,PSLC1,35.18,-120.76,7.11,5.33,2.80,0.00,1,1,P,0,2,1.1,1
Mare-Is-Naval-Shipyard-CA,9415218,ZZZZZ,38.07,-122.25,6.82,5.75,3.07,0.00,0,1,P,0,2,1.1,1
Santa-Barbara-CA,9411340,NTBC1,34.41,-119.69,7.23,5.39,2.78,0.00,1,1,P,0,2,1.1,1
San-Francisco-CA,9414290,FTPC1,37.81,-122.47,7.23,5.84,3.12,0.00,1,1,P,0,2,1.1,1
Martinez-amorco-Pier-CA,9415102,MZXC1,38.03,-122.13,6.45,5.36,2.86,0.00,1,1,P,0,2,1.1,1
Arena-Cove-CA,9416841,ANVC1,38.91,-123.71,7.62,5.87,3.14,0.00,1,1,P,0,2,1.1,1
Monterey-CA,9413450,MEYC1,36.6,-121.89,7.07,5.34,2.83,0.00,1,1,P,0,2,1.1,1
North-Spit-CA,9418767,HBYC1,40.77,-124.22,8.84,6.85,3.70,0.00,1,1,P,0,2,1.1,1
Noyo-Harbor-CA,9417426,ZZZZZ,39.42,-123.81,7.96,6.10,3.28,0.00,0,1,P,0,2,1.1,1
Point-Reyes-CA,9415020,PRYC1,38,-122.97,7.43,5.76,3.10,0.00,1,1,P,0,2,1.1,1
Richmond-CA,9414863,RCMC1,37.93,-122.4,7.44,6.04,3.25,0.00,1,1,P,0,2,1.1,1
Oakland-Inner-Harbor-CA,9414764,ZZZZZ,37.8,-122.28,7.84,6.37,3.32,0.00,0,1,P,0,2,1.1,1
Crescent-City-CA,9419750,CECC1,41.74,-124.18,8.85,6.87,3.70,0.00,1,1,P,0,2,1.1,1
Los-Angeles-CA,9410660,OHBC1,33.72,-118.27,7.34,5.49,2.82,0.00,1,1,P,0,2,1.1,1
Oil-Platform-Harvest-CA,9411406,HRVC1,34.47,-120.67,6.95,5.22,2.72,0.00,0,1,P,0,2,1.1,1
Alameda-CA,9414750,AAMC1,37.77,-122.3,7.96,6.60,3.45,0.00,1,1,P,0,2,1.1,1
Redwood-City-CA,9414523,RTYC1,37.51,-122.21,9.71,8.20,4.40,0.00,1,1,P,0,2,1.1,1
Dumbarton-Bridge-San-Fansisco-Bay-CA,9414509,ZZZZZ,37.51,-122.11,10.14,8.61,4.68,0.00,0,1,P,0,2,1.1,1
Coyote-Creek-CA,9414575,RYAC1,37.47,-122.02,10.30,8.85,4.87,0.00,0,1,P,0,2,1.1,1
San-Diego-CA,9410170,SDBC1,32.71,-117.17,7.62,5.73,2.94,0.00,1,1,P,0,2,1.1,1
La-Jolla-CA,9410230,LJAC1,32.87,-117.26,7.20,5.32,2.73,0.00,1,1,P,0,2,1.1,1
Port-Chicago-CA,9415144,PCOC1,38.06,-122.04,6.18,4.91,2.56,0.00,1,1,P,0,2,1.1,1
Santa-Monica-CA,9410840,ICAC1,34.01,-118.5,7.32,5.43,2.79,0.00,1,1,P,0,2,1.1,1
Angels-Gate-CA,9410647,ZZZZZ,33.72,-118.25,7.07,5.44,2.78,0,0,1,P,0,2,1.1,1
Los-Angeles-Pier-J-CA,9410665,ZZZZZ,33.73,-118.19,7.07,5.44,2.78,0,0,1,P,0,2,1.1,1
Los-Angeles-Pier-400-CA,9410666,ZZZZZ,33.74,-118.24,7.07,5.44,2.78,0,0,1,P,0,2,1.1,1
Gaviota-State-Park-Pacific-Ocean-CA,9411399,ZZZZZ,34.47,-120.23,7.17,5.29,2.75,0.00,0,1,P,0,2,1.1,1
Mansfield-Cone-CA,9412802,ZZZZZ,35.95,-121.48,6.88,5.24,2.74,0.00,0,1,P,0,2,1.1,1
Pier1-San-Francisco-CA,9414311,ZZZZZ,37.8,-122.39,7.47,6.03,3.25,0,0,1,P,0,2,1.1,1
Oakland-Middle-Harbor-CA,9414769,ZZZZZ,37.8,-122.33,7.47,6.03,3.25,0,0,1,P,0,2,1.1,1
Oakland-Berth34-San-Francisco-Bay-CA,9414776,ZZZZZ,37.81,-122.33,7.47,6.03,3.25,0,0,1,P,0,2,1.1,1
Point-Potrero-Richmond-CA,9414847,ZZZZZ,37.91,-122.36,7.47,6.03,3.25,0,0,1,P,0,2,1.1,1
Bolinas-Bolinas-Lagoon-CA,9414958,ZZZZZ,37.91,-122.68,5.31,4.27,2.23,0.00,0,1,P,0,2,1.1,1
Point-Pinole-CA,9415056,ZZZZZ,38.02,-122.36,7.70,6.24,3.32,0.00,0,1,P,0,2,1.1,1
Davis-Point-San-Pablo-Bay-CA,9415141,ZZZZZ,38.06,-122.26,0,0,0,0,0,0,P,0,9,1.1,1
Sonoma-Creek-Entrance-CA,9415338,ZZZZZ,38.16,-122.41,6.70,5.43,2.71,0.00,0,1,P,0,2,1.1,1
Green-Cove-Pacific-Ocean-CA,9416409,ZZZZZ,38.7,-123.45,6.99,5.23,2.67,0.00,0,1,P,0,2,1.1,1
Pyramid-Point-Smith-River-CA,9419945,ZZZZZ,41.95,-124.2,8.28,6.41,3.42,0.00,0,1,P,0,2,1.1,1
Shelter-Cove-CA,9418024,ZZZZZ,40.03,-124.06,7.96,6.14,3.30,0.00,0,1,P,0,2,1.1,1
Trinidad-CA,9419059,ZZZZZ,41.06,-124.15,9.00,6.73,3.61,0.00,0,1,S,9419750,2,1.1,1
Arcata-Warf-CA,9418851,ZZZZZ,40.85,-124.12,8.96,6.94,3.75,0,0,1,S,9418767,2,1.1,1
Bodega-Bay-CA,9415625,ZZZZZ,38.31,-123.06,7.4,5.9,3.18,0,0,1,S,9414290,2,1.1,1
Santa-Cruz-CA,9413745,ZZZZZ,36.96,-122.02,6.88,5.24,2.81,0,0,1,S,9413450,2,1.1,1
New-London-CT,8461490,NLHC3,41.35,-72.09,3.88,3.05,1.54,0.00,1,1,P,0,2,1.1,1
Bridgeport-CT,8467150,BRHC3,41.17,-73.18,8.82,7.32,3.62,0.00,1,1,P,0,2,1.1,1
New-Haven-CT,8465705,NWHC3,41.28,-72.91,8.14,6.72,3.33,0.00,1,1,P,0,2,1.1,1
Stamford-CT,8469198,STDC3,41.04,-73.53,9.67,7.77,3.85,0.00,1,1,P,0,2,1.1,1
Clinton-Harbor-CT,8463701,CLIC3,41.27,-72.53,6.25,5.09,2.47,0.00,0,1,P,0,2,1.1,1
ESSEX-CT,8462925,ESXC3,41.35,-72.38,4.42,3.42,1.7,0,1,1,S,8461490,2,1.1,1
Old-Saybrook-CT,8462752,SABC3,41.28,-72.35,4.75,3.68,1.84,0,0,1,S,8461490,2,1.1,1
Washington-DC,8594900,WASD2,38.87,-77.02,3.81,3.17,1.55,0.00,1,1,P,0,3,1.1,1
East-Lake-Anacostia-River-DC,8593909,ANAD2,38.91,-76.95,4.47,3.31,1.57,0.00,0,1,S,8594900,2,1.1,1
Bellevue-DC,8590111,BPPD2,38.83,-77.03,4.19,3.47,1.78,0,0,1,S,8594900,2,1.1,1
Lewes-DE,8557380,LWSD1,38.78,-75.12,5.84,4.65,2.23,0.00,1,1,P,0,2,1.1,1
Delaware-City-DE,8551762,DELD1,39.58,-75.59,7.12,6.00,2.95,0.00,1,1,P,0,2,1.1,1
Reedy-Point-DE,8551910,RDYD1,39.56,-75.57,6.83,5.84,2.92,0.00,0,1,P,0,2,1.1,1
Brandywine-Shoal-Light-DE,8555889,BRND1,38.99,-75.11,6.72,5.50,2.61,0.00,1,1,P,0,2,1.1,1
Murderkill-River-ENTR-DE,8555388,BOWD1,39.06,-75.4,6.52,5.11,2.2,0,1,1,S,8557380,2,1.1,1
Wilmington-DE,8550714,WIMD1,39.72,-75.52,6.93,5.98,2.99,0,1,1,S,8551910,2,1.1,1
Indian-River-Inlet-DE,8558690,INRD1,38.61,-75.07,3.76,2.94,1.48,0.00,1,1,P,0,2,1.1,1
Saint-Petersburg-FL,8726520,SAPF1,27.76,-82.63,3.12,2.26,1.20,0.00,1,1,P,0,2,1.1,1
Virginia-Key-FL,8723214,VAKF1,25.73,-80.16,3.22,2.25,1.13,0.00,1,1,P,0,2,1.1,1
Panama-City-Beach-FL,8729210,PCBF1,30.21,-85.88,2.31,1.40,0.67,0.00,1,1,P,0,2,1.1,1
Key-West-FL,8724580,KYWF1,24.56,-81.81,2.64,1.81,0.89,0.00,1,1,P,0,2,1.1,1
Naples-Bay-N-FL,8725110,NBNF1,26.14,-81.78,3.83,2.87,1.65,0.00,1,1,P,0,2,1.1,1
Panama-City-FL,8729108,PACF1,30.15,-85.67,2.16,1.34,0.67,0.00,1,1,P,0,2,1.1,1
Red-Bay-Point-FL,8720503,ZZZZZ,29.98,-81.63,1.16,1.00,0.54,0.00,0,1,P,0,3,1.1,1
Apalachicola-FL,8728690,APCF1,29.73,-84.98,2.28,1.61,0.91,0.00,1,1,P,0,2,1.1,1
Clearwater-Beach-FL,8726724,CWBF1,27.98,-82.83,3.70,2.74,1.47,0.00,1,1,P,0,2,1.1,1
Port-Manatee-FL,8726384,PMAF1,27.64,-82.56,2.95,2.17,1.16,0.00,1,1,P,0,2,1.1,1
Cedar-Key-FL,8727520,CKYF1,29.14,-83.03,4.73,3.80,2.04,0.00,1,1,P,0,2,1.1,1
Old-Port-Tampa-FL,8726607,OPTF1,27.86,-82.55,3.31,2.48,1.30,0.00,1,1,P,0,2,1.1,1
Fort-Myers-FL,8725520,FMRF1,26.65,-81.87,1.96,1.32,0.63,0.00,1,1,P,0,2,1.1,1
Trident-Pier-FL,8721604,TRDF1,28.41,-80.59,5.50,3.93,1.88,0.00,1,1,P,0,2,1.1,1
Southbank-Riverwalk-FL,8720226,MSBF1,30.32,-81.66,3.03,1.95,1.06,0.00,1,1,P,0,2,1.1,1
I-295-Bridge-FL,8720357,BUCF1,30.19,-81.69,1.84,1.01,0.51,0.00,0,1,P,0,2,1.1,1
Pensacola-FL,8729840,PCLF1,30.4,-87.21,2.17,1.26,0.62,0.00,1,1,P,0,2,1.1,1
Vaca-Key-FL,8723970,VCAF1,24.71,-81.11,1.62,0.98,0.51,0.00,1,1,P,0,2,1.1,1
Port-Everglades-FL,8722956,PEGF1,26.08,-80.12,3.98,2.78,1.41,0.00,1,1,P,0,2,1.1,1
Lake-Worth-Pier-FL,8722670,LKWF1,26.61,-80.03,4.25,3.06,1.54,0.00,1,1,P,0,2,1.1,1
Fernandina-FL,8720030,FRDF1,30.67,-81.47,8.27,6.56,3.29,0.00,1,1,P,0,2,1.1,1
Racy-Point-FL,8720625,SRPF1,29.8,-81.55,1.94,1.27,0.64,0.00,0,1,P,0,2,1.1,1
Dames-Point-FL,8720219,DMSF1,30.39,-81.56,5.08,3.66,1.86,0.00,1,1,P,0,2,1.1,1
Mayport-(Bar-Pilots-Dock)-FL,8720218,MYPF1,30.4,-81.43,6.55,4.95,2.47,0.00,1,1,P,0,2,1.1,1
Mckay-Bay-Entrance-FL,8726667,MCYF1,27.91,-82.42,3.51,2.68,1.46,0.00,1,1,P,0,2,1.1,1
FT-Pulaski-GA,8670870,FPKG1,32.03,-80.9,9.38,7.50,3.82,0.00,1,1,P,0,2,1.1,1
Meridian-Darien-GA,8675245,MERG1,31.43,-81.31,8.39,6.64,3.2,0,1,1,S,8670870,2,1.1,1
Sapelo-Island-GA,8675365,SAQG1,31.42,-81.29,8.36,6.62,3.19,0,1,1,S,8670870,2,1.1,1
Bulk-Terminal-LA,8767961,BKTL1,30.19,-93.3,1.75,1.34,0.75,0.00,1,1,P,0,3,1.1,1
New-Canal-Station-LA,8761927,NWCL1,30.03,-90.11,1.01,0.54,0.27,0.00,1,1,P,0,2,1.1,1
Pilots-Station-East-LA,8760922,PSTL1,28.93,-89.41,1.94,1.17,0.59,0.00,1,1,P,0,3,1.1,1
Pilottown-LA,8760721,PILL1,29.18,-89.26,1.69,0.80,0.39,0.00,1,1,P,0,2,1.1,1
Berwick-LA,8764044,TESL1,29.67,-91.24,1.89,0.53,0.29,0.00,1,1,P,0,2,1.1,1
Port-Fourchon-LA,8762075,PTFL1,29.11,-90.2,2.12,1.21,0.63,0.00,1,1,P,0,2,1.1,1
Freshwater-Canal-Locks-LA,8766072,FRWL1,29.56,-92.31,2.75,2.08,1.19,0.00,1,1,P,0,2,1.1,1
Shell-Beach-LA,8761305,SHBL1,29.87,-89.67,2.36,1.47,0.75,0.00,1,1,P,0,2,1.1,1
Lawma-LA,8764227,AMRL1,29.45,-91.34,2.27,1.61,0.85,0.00,1,1,P,0,3,1.1,1
Eugene-Island-North-of-LA,8764314,EINL1,29.37,-91.38,2.56,1.86,1.02,0.00,1,1,P,0,3,1.1,1
Calcasieu-Pass-LA,8768094,CAPL1,29.77,-93.34,2.52,1.81,1.12,0.00,1,1,P,0,3,1.1,1
Grand-Isle-East-PT-LA,8761724,GISL1,29.26,-89.96,1.81,1.06,0.54,0.00,1,1,P,0,2,1.1,1
Lake-Charles-LA,8767816,LCLL1,30.22,-93.22,1.77,1.40,0.78,0.00,1,1,P,0,3,1.1,1
Nantucket-Island-MA,8449130,NTKM3,41.28,-70.1,4.47,3.57,1.77,0.00,1,1,P,0,2,1.1,1
Chatham-MA,8447435,CHTM3,41.69,-69.95,6.82,5.17,2.55,0.00,1,1,P,0,2,1.1,1
Buzzards-Bay-MA,8447270,ZZZZZ,41.74,-70.62,5.47,3.99,1.79,0.00,0,1,P,0,2,1.1,1
Woods-Hole-MA,8447930,BZBM3,41.52,-70.67,3.17,2.21,0.99,0.00,1,1,P,0,2,1.1,1
Fall-River-MA,8447386,FRVM3,41.7,-71.16,6.19,4.77,2.20,0.00,1,1,P,0,2,1.1,1
Boston-MA,8443970,BHBM3,42.35,-71.05,12.32,10.27,5.20,0.00,1,1,P,0,1,1.1,1
Sandwich-MA,8447180,ZZZZZ,41.77,-70.51,11.53,9.45,4.70,0.00,0,1,P,0,1,1.1,1
New-Bedford-Hurricane-Barrier-MA,8447712,NBDM3,41.62,-70.91,5.04,3.96,1.68,0.00,1,1,P,0,2,1.1,1
Gloucester-MA,8441841,GLCM3,42.61,-70.66,11.72,9.57,4.77,0.00,0,1,P,0,2,1.1,1
Scituate-MA,8445138,SCTM3,42.2,-70.72,11.71,9.75,4.89,0.00,0,1,P,0,1,1.1,1
Sesuit-Harbor-MA,8447241,SESM3,41.75,-70.16,12.82,10.46,5.22,0.00,1,1,P,0,2,1.1,1
Provincetown-MA,8446121,PVHM3,42.05,-70.19,12.06,10.08,5.03,0.00,1,1,P,0,2,1.1,1
Riverside-Merrimack-MA,8440889,HVRM3,42.76,-71.08,7.25,6.30,2.78,0.00,0,1,P,0,1,1.1,1
Amelia-MA,8443662,AMEM3,42.4,-71.08,12.49,10.33,5.24,0.00,1,1,P,0,1,1.1,1
Popponesset-MA,8447742,POPM3,41.6,-70.47,2.99,2.48,1.26,0,1,1,S,8443970,2,1.1,1
Wings-Neck-MA,est0038,WNGM3,41.74,-70.6,4.58,3.51,1.89,0,0,1,P,0,2,1.1,1
Solomons-Island-MD,8577330,SLIM2,38.32,-76.45,1.87,1.48,0.76,0.00,1,1,P,0,3,1.1,1
Cambridge-MD,8571892,CAMM2,38.57,-76.07,2.55,2.04,1.02,0.00,1,1,P,0,3,1.1,1
Chesapeake-City-MD,8573927,CHCM2,39.53,-75.81,3.76,3.23,1.56,0.00,1,1,P,0,3,1.1,1
Ocean-City-Inlet-MD,8570283,OCIM2,38.33,-75.09,3.25,2.46,1.27,0.00,1,1,P,0,3,1.1,1
Baltimore-MD,8574680,BLTM2,39.27,-76.58,2.21,1.65,0.79,0.00,1,1,P,0,3,1.1,1
Tolchester-Beach-MD,8573364,TCBM2,39.21,-76.25,2.27,1.74,0.84,0.00,1,1,P,0,3,1.1,1
Annapolis-MD,8575512,APAM2,38.98,-76.48,1.91,1.43,0.72,0.00,1,1,P,0,3,1.1,1
Bishops-Head-MD,8571421,BISM2,38.22,-76.04,2.72,2.06,1.02,0.00,1,1,P,0,3,1.1,1
Havre-de-Grace-MD,8574070,HDGM2,39.54,-76.09,3.14,2.44,1.18,0.00,1,1,P,0,3,1.1,1
Piney-Point-MD,8578240,PPTM2,38.13,-76.53,2.07,1.62,0.81,0,0,1,S,8594900,3,1.1,1
Bristol-MD,est0003,BRIM2,38.78,-76.71,2,1.64,0.78,0,0,1,P,0,3,1.1,1
Otter-Point-MD,est0004,LTQM2,39.45,-76.27,1.55,1.32,0.62,0,0,1,P,0,3,1.1,1
Bowleys-Quarters-MD,est0005,BQTM2,39.31,-76.39,1.38,1.14,0.52,0,0,1,P,0,3,1.1,1
Chesapeake-Beach-MD,8576363,CHBM2,38.7,-76.53,2.21,1.4,0.69,0,0,1,S,8574680,3,1.1,1
Point-Lookout-MD,8578002,PLKM2,38.04,-76.32,2.56,1.52,0.78,0,0,1,S,8574680,2,1.1,1
Colton-Point-MD,8578465,CPTM2,38.22,-76.75,2.63,1.89,0.94,0,0,1,S,8594900,3,1.1,1
Straits-Point-MD,est0037,SGSM2,38.14,-76.5,3,1.62,0.81,0,1,1,P,0,2,1.1,1
Indian-Head-MD,8579381,IHDM2,38.61,-77.19,2.5,2.04,1.01,0,1,1,S,8594900,3,1.1,1
Cove-Point-MD,8577188,COVM2,38.39,-76.4,1.59,1.38,0.63,0.00,0,1,P,0,3,1.1,1
Bladensburg-MD,8579997,BLDM2,38.93,-76.94,3.91,3.35,1.63,0.00,0,1,P,0,3,1.1,1
Benedict-MD,8579135,BDPM2,38.51,-76.67,3.39,2.36,1.17,0,0,1,S,8574680,3,1.1,1
Wells-ME,8419317,WELM1,43.32,-70.56,11.55,9.56,4.77,0.00,0,1,P,0,2,1.1,1
Portland-ME,8418150,CASM1,43.66,-70.25,11.97,9.91,4.94,0.00,1,1,P,0,1,1.1,1
Bar-Harbor-Frenchman-Bay-ME,8413320,ATGM1,44.39,-68.2,13.69,11.37,5.67,0.00,1,1,P,0,1,1.1,1
Eastport-ME,8410140,PSBM1,44.9,-66.98,22.76,19.27,9.70,0.00,1,1,P,0,1,1.1,1
Cutler-Farris-Wharf-ME,8411060,CFWM1,44.63,-67.27,17.55,14.56,7.19,0.00,1,1,P,0,1,1.1,1
Augusta-ME,est7134,ASTM1,44.32,-69.77,29.43,28.24,24.91,21.72,1,1,P,0,1,1.1,1
Gardiner-ME,8417134,GIRM1,44.23,-69.77,7.75,6.52,3.36,0.00,0,1,P,0,2,1.1,1
Deer-Isle-ME,est0011,DCWM1,44.28,-68.68,12.44,10.65,5.42,0,0,1,P,0,1,1.1,1
Castine-ME,8414672,MMAM1,44.39,-68.8,13.25,11.06,5.59,0,0,1,S,8413320,1,1.1,1
Roque-Bluffs-ME,8411696,ROQM1,44.61,-67.5,15.14,12.71,6.39,0,0,1,S,8410140,1,1.1,1
Machias-ME,est0012,MCSM1,44.72,-67.45,15.36,13.27,6.79,0,1,1,P,0,2,1.1,1
Milbridge-ME,8412581,MIGM1,44.54,-67.88,14.29,12.12,6.08,0.00,1,1,P,0,3,1.1,1
Calais-ME,8410834,PETM1,45.13,-67.15,24.14,20.52,10.27,0.00,0,1,P,0,1,1.1,1
Camp-Ellis-Saco-ME,8418606,CPEM1,43.46,-70.38,11.68,9.68,4.82,0.00,1,1,P,0,2,1.1,1
Bath-ME,8417227,BAHM1,43.93,-69.83,9.27,7.42,3.71,0.00,1,1,P,0,2,1.1,1
Rockland-ME,8415490,RKLM1,44.11,-69.1,12.88,10.57,5.33,0.00,0,1,P,0,2,1.1,1
Wiscasset-ME,8416921,WISM1,44.00,-69.67,12.62,10.23,5.06,0.00,0,1,P,0,2,1.1,1
Portland-Head-Light-ME,8418031,PTHM1,43.62,-70.21,14.00,9.66,4.81,0.00,0,1,S,8418150,2,1.1,1
Cape-Neddick-ME,8419399,CDDM1,43.17,-70.59,14.00,9.46,4.71,0.00,0,1,S,8418150,2,1.1,1
Fort-Point-ME,8414721,STKM1,44.47,-68.81,13.56,11.15,5.61,0.00,0,1,P,0,2,1.1,1
SEAVEY-ISLAND-ME,8419870,SEIM1,43.08,-70.74,10.58,8.89,4.46,0,1,1,P,0,2,1.1,1
Kennebunkport-ME,8418911,KBTM1,43.36,-70.48,11.85,9.60,4.81,0.00,0,1,P,0,1,1.1,1
Biddeford-ME,8418828,BIDM1,43.49,-70.45,12.99,9.83,4.98,0.00,0,1,P,0,2,1.1,1
Pine-Point-ME,8418445,PPTM1,43.54,-70.33,11.47,9.52,4.76,0.00,0,1,P,0,1,1.1,1
Hunniwell-point-ME,8417177,HUNM1,43.76,-69.79,11.37,9.24,4.59,0.00,0,1,P,0,2,1.1,1
Walpole-ME,8416731,WAPM1,43.94,-69.58,12.14,10.15,5.05,0.00,0,1,P,0,1,1.1,1
Thomaston-ME,8415709,THOM1,44.07,-69.18,11.92,9.85,4.95,0.00,0,1,P,0,2,1.1,1
Pulpit-Harbor-ME,8414888,PULM1,44.16,-68.89,13.11,10.64,5.36,0.00,0,1,P,0,2,1.1,1
Grand-Bay-NERR-Mississippi-Sound-MS,8740166,GBRM6,30.41,-88.4,2.26,1.59,0.77,0.00,0,1,P,0,3,1.1,1
Waveland-MS,8747437,WYCM6,30.32,-89.33,2.69,1.79,0.90,0.00,1,1,P,0,2,1.1,1
Dock-E-MS,8741041,ULAM6,30.35,-88.5,2.44,1.55,0.76,0.00,0,1,P,0,2,1.1,1
Pascagoula-Noaa-Lab-MS,8741533,PNLM6,30.37,-88.56,2.37,1.53,0.76,0.00,1,1,P,0,3,1.1,1
Wilmington-NC,8658120,WLON7,34.23,-77.95,5.74,4.68,2.44,0.00,1,1,P,0,2,1.1,1
Wrightsville-Beach-NC,8658163,JMPN7,34.21,-77.8,6.01,4.48,2.15,0.00,1,1,P,0,2,1.1,1
Beaufort-Duke-NC,8656483,BFTN7,34.72,-76.67,4.69,3.54,1.71,0.00,1,1,P,0,2,1.1,1
Oregon-Inlet-Marina-NC,8652587,ORIN7,35.8,-75.55,1.64,1.18,0.58,0.00,1,1,P,0,3,1.1,1
Cape-Hatteras-NC,8654400,ZZZZZ,35.22,-75.64,4.70,3.47,1.62,0.00,0,1,P,0,2,1.1,1
Duck-Pier-NC,8651370,DUKN7,36.18,-75.75,4.99,3.69,1.77,0.00,1,1,P,0,2,1.1,1
Morehead-City-NC,8656502,ZZZZZ,34.72,-76.73,4.68,3.49,1.72,0.00,0,1,P,0,2,1.1,1
Holden-Beach-NC,est0017,HOLN7,33.91,-78.3,6.45,4,2,0,0,1,P,0,2,1.1,1
Uscg-Station-Hatteras-NC,8654467,HCGN7,35.21,-75.7,0.83,0.65,0.32,0.00,1,1,P,0,3,1.1,1
Southport-NC,8659084,STHN7,33.92,-78.02,5.85,4.73,2.32,0.00,0,1,P,0,2,1.1,1
Sunset-Beach-NC,8659897,SNSN7,33.87,-78.51,7.23,5.53,2.67,0.00,1,1,P,0,2,1.1,1
Ocracoke-NC,8654792,OCAN7,35.12,-75.99,1.45,1.18,0.53,0.00,1,1,P,0,2,1.1,1
Oriental-NC,est0013,ORLN7,35.02,-76.69,0.54,0.39,0.17,0,1,1,P,0,3,1.1,1
Cedar-Island-NC,est0014,CTIN7,35.02,-76.31,0.28,0.18,0.07,0,1,1,P,0,3,1.1,1
Westover-NC,est0015,WESN7,35.92,-76.72,0.35,0.25,0.13,0,1,1,P,0,3,1.1,1
Columbia-NC,est0016,COLN7,35.92,-76.25,0.21,0.12,0.06,0,1,1,P,0,3,1.1,1
Belhaven-NC,est0018,BLHN7,35.54,-76.62,0.64,0.49,0.23,0,1,1,P,0,3,1.1,1
New-Bern-NC,est0019,BERN7,35.1,-77.04,0.81,0.65,0.3,0,0,1,P,0,3,1.1,1
Washington-NC,est0020,PAMN7,35.54,-77.06,1,0.83,0.39,0,1,1,P,0,3,1.1,1
Jacksonville-NC,est0021,JCKN7,34.75,-77.43,1.04,0.64,0.28,0,1,1,P,0,3,1.1,1
Wanchese-NC,8652437,WCHN7,35.85,-75.66,0.73,0.60,0.31,0.00,0,1,P,0,3,1.1,1
Rodanthe-NC,8653215,ROFN7,35.60,-75.47,1.03,0.79,0.42,0.00,0,1,P,0,3,1.1,1
North-Topsail-Beach-NC,8657419,NTSN7,34.45,-77.49,6.00,4.67,2.26,0.00,0,1,S,8654400,2,1.1,1
South-Alligator-River-NC,est0022,ALLN7,35.65,-76.04,0.14,0.06,0.03,0,0,1,P,0,3,1.1,1
Swanquarter-NC,est0023,SWAN7,35.39,-76.33,0.47,0.33,0.15,0,0,1,P,0,3,1.1,1
Engelhard-NC,est0024,EGLN7,35.51,-75.99,0.77,0.61,0.29,0,1,1,P,0,3,1.1,1
Bogue-Inlet-NC,est0025,BOGN7,34.65,-77.10,5.04,3.96,1.84,0,0,1,P,0,2,1.1,1
Portsmouth-(Fort-Point)-NH,8423898,FTPN3,43.07,-70.71,11.54,9.39,4.69,0.00,0,1,P,0,2,1.1,1
Hampton-NH,8429489,HPMN3,42.90,-70.82,10.88,9.01,4.51,0,1,1,S,8418150,3,1.1,1
Tacony-palmyra-Bridge-NJ,8538886,TPBN4,40.01,-75.04,8.40,7.15,3.64,0.00,0,1,P,0,2,1.1,1
Ship-John-Shoal-NJ,8537121,SJSN4,39.31,-75.38,7.36,6.20,3.04,0.00,1,1,P,0,3,1.1,1
Cape-May-NJ,8536110,CMAN4,38.97,-74.96,6.70,5.45,2.57,0.00,1,1,P,0,2,1.1,1
Sandy-Hook-NJ,8531680,SDHN4,40.47,-74.01,6.63,5.23,2.58,0.00,1,1,P,0,2,1.1,1
Burlington-NJ,8539094,BDRN4,40.08,-74.87,9.04,7.85,3.99,0.00,1,1,P,0,2,1.1,1
Atlantic-City-NJ,8534720,ACYN4,39.35,-74.42,5.89,4.60,2.21,0.00,1,1,P,0,2,1.1,1
Atlantic-City-NJ,est4836,ALCN4,39.35,-74.46,8,6.38,4.08,2.05,1,1,P,0,2,1.1,1
Absecon-NJ,8534540,ASCN4,39.42,-74.5,5.81,4.39,2.22,0.00,1,1,S,8534720,2,1.1,1
ATLANTIC-CITY-MARINA-NJ,8534638,ATLN4,39.38,-74.42,5.87,4.69,2.32,0,1,1,S,8534720,1,1.1,1
Avalon-NJ,8535419,AVLN4,39.11,-74.73,5.67,4.61,2.22,0.00,1,1,P,0,2,1.1,1
Barnegat-Light-NJ,8533615,BGLN4,39.76,-74.11,3.34,2.51,1.16,0.00,1,1,P,0,2,1.1,1
Belmar-NJ,8532337,BLMN4,40.18,-74.02,6.18,4.88,2.36,0,1,1,S,8531680,1,1.1,1
Seaside-Heights-NJ,est0006,BSRN4,39.94,-74.08,1.29,0.91,0.43,0,0,1,P,0,2,1.1,1
Bivalve-NJ,8536889,BVVN4,39.23,-75.03,7.77,6.24,2.93,0,1,1,S,8557380,2,1.1,1
CAPE-MAY-HARBOR-NJ,8535901,CAPN4,38.95,-74.89,6.23,4.87,2.27,0,1,1,S,8534720,2,1.1,1
Greenwich-NJ,8537374,GRWN4,39.38,-75.35,6.6,5.65,2.73,0,1,1,S,8551910,3,1.1,1
KEANSBURG-NJ,8531592,KSBN4,40.45,-74.15,6.44,5.09,2.46,0,1,1,S,8531680,2,1.1,1
Manasquan-NJ,8632591,MSNN4,40.11,-74.04,5.38,4.29,2.0,0,1,1,P,0,2,1.1,1
Mantaloking-NJ,8532786,MTLN4,40.04,-74.05,0.46,0.36,0.18,0,1,1,S,8531680,3,1.1,1
Newark-NJ,8530743,NWKN4,40.71,-74.12,8.19,5.74,2.90,0.00,1,1,S,8518750,2,1.1,1
Ocean-City-NJ,8534975,ONCN4,39.25,-74.63,5.27,4.2,2.06,0,1,1,S,8534720,2,1.1,1
HACKENSACK-RIVER-NJ,8530278,HACN4,40.88,-74.04,10.00,6.63,3.57,0.00,0,1,S,8518750,2,1.1,1
South-Amboy-NJ,est0007,SABN4,40.49,-74.28,6.23,5.0,2.38,0,0,1,P,0,2,1.1,1
Sea-Bright-NJ,8531804,SBIN4,40.37,-73.97,4.66,3.92,1.89,0.00,1,1,P,0,3,1.1,1
Ship-Bottom-NJ,8533935,SBTN4,39.65,-74.19,4,3.25,2.38,1.73,1,1,S,8531680,2,1.1,1
S-Dennis-NJ,est0008,SDNN4,39.16,-74.83,7.08,5.89,2.83,0,0,1,P,0,2,1.1,1
Stone-Harbor-NJ,8535581,SHBN4,39.06,-74.77,5.77,4.74,2.34,0.00,1,1,P,0,2,1.1,1
Sea-Isle-City-NJ,8535221,SICN4,39.16,-74.7,6.91,4.48,2.16,0.00,1,1,S,8534720,2,1.1,1
Tuckerton-NJ,8534319,TKTN4,39.51,-74.33,4.00,3.33,1.55,0.00,1,1,P,0,2,1.1,1
Waretown-NJ,8533541,WATN4,39.79,-74.18,0.46,0.36,0.17,0,1,1,S,8531680,3,1.1,1
Coates-Point-NJ,8533055,BASN4,39.95,-74.11,0.52,0.41,0.20,0,1,1,S,8531680,3,1.1,1
Longport-Risely-Channel-NJ,8534836,MGTN4,39.31,-74.53,5.37,4.33,2.03,0.00,1,1,P,0,2,1.1,1
S-Amboy-Raritan-River-NJ,8531232,PABN4,40.50,-74.26,9,6.63,3.81,0.98,1,1,P,0,2,1.1,1
Absecon-Creek-NJ,est4540,ABSN4,39.42,-74.5,8.5,6.58,4.41,2.19,0,1,S,8534720,2,1.1,1
Bergen-Point-NY,8519483,BGNN6,40.64,-74.15,6.86,5.51,2.77,0.00,0,1,P,0,2,1.1,1
Montauk-Point-NY,8510560,MTKN6,41.05,-71.96,3.31,2.53,1.24,0.00,1,1,P,0,2,1.1,1
Willets-Point-NY,8516990,ZZZZZ,40.79,-73.78,9.45,7.79,3.88,0.00,0,1,P,0,2,1.1,1
The-Battery-NY,8518750,BATN6,40.7,-74.02,6.48,5.05,2.57,0.00,1,1,P,0,2,1.1,1
Port-Jefferson-NY,8514560,ZZZZZ,40.95,-73.08,8.61,7.15,3.52,0.00,0,1,P,0,2,1.1,1
Kings-Point-NY,8516945,KPTN6,40.81,-73.78,9.76,7.80,3.89,0.00,1,1,P,0,2,1.1,1
Hudson-Bay-at-Freeport-NY,8516411,FRPN6,40.63,-73.58,5,3.48,1.16,-1.01,1,1,S,8531680,2,1.1,1
Great-South-Bay-at-Lindenhurst-NY,est0009,LNDN6,40.67,-73.36,0,1.99,1.23,0.49,1,1,P,0,3,1.1,1
Reynolds-Channel-at-Point-Lookout-NY,8516402,REYN6,40.59,-73.58,5.79,4.66,2.24,0.00,1,1,P,0,2,1.1,1
E-Rockaway-Inlet-at-Atlantic-Beach-NY,8516881,RKWN6,40.59,-73.74,6.11,4.90,2.37,0.00,1,1,P,0,2,1.1,1
Jamaica-Bay-at-Inwood-NY,8516925,IWDN6,40.62,-73.76,6,3.87,0.87,-2.03,1,1,S,8531680,2,1.1,1
Rockaway-Inlet-Floyd-Bennet-Field-NY,8517394,RWYN6,40.57,-73.89,6,3.74,0.87,-1.85,1,1,S,8531680,2,1.1,1
West-Pond-at-Glen-Cove-NY,8516614,WESN6,40.89,-73.64,9.80,7.87,3.88,0.00,0,1,P,0,2,1.1,1
Hudson-River-at-Piermont-NY,8518919,PMTN6,41.04,-73.9,-2,-4.46,-6.43,-8.43,1,1,S,8518750,2,1.1,1
Orient-Harbor-at-Orient-NY,8511671,ORIN6,41.14,-72.31,3.74,3.04,1.52,0.00,1,1,P,0,2,1.1,1
Peconic-River-at-Riverhead-NY,est0010,PRIN6,40.92,-72.64,4,2.17,0.5,-1.16,1,1,P,0,2,1.1,1
Flax-Pond-at-Old-Field-NY,8514594,FLXN6,40.96,-73.14,8.58,7.07,3.49,0,0,1,S,8467150,2,1.1,1
S-Jamesport-NY,8512735,SJAN6,40.94,-72.58,3.94,3.31,1.64,0.00,0,1,P,0,2,1.1,1
Moriches-MorichesBay-NY,8513388,MOBN6,40.79,-72.75,2.94,2.50,1.19,0.00,1,1,P,0,3,1.1,1
Patchogue-River-NY,8514322,FIRN6,40.69,-72.99,1.55,1.38,0.66,0.00,1,1,P,0,3,1.1,1
Babylon-NY,8515421,INDN6,40.67,-73.36,2.5,1.87,1.11,0.38,0,1,S,8531680,1,1.1,1
West-Sayville-NY,est0026,SAYN6,40.72,-73.09,2.06,1.6,0.72,0,0,1,P,0,2,1.1,1
Great-Kills-Harbor-NY,est0027,KILN6,40.54,-74.13,6.08,4.87,2.31,0,1,1,P,0,2,1.1,1
Shinnecock-Bay-NY,8512451,SHIN6,40.85,-72.50,4.12,3.18,1.52,0.00,1,1,P,0,2,1.1,1
Hog-Island-Channel-NY,est0028,HOGN6,40.61,-73.66,5.87,4.72,2.23,0,1,1,P,0,2,1.1,1
East-Creek-Sands-Point-NY,esta614,SADN6,40.87,-73.71,11.0,7.87,3.88,0,1,1,P,0,2,1.1,1
Mamaroneck-Harbor-NY,8518091,RYPN6,40.96,-73.67,9.67,7.89,3.90,0.00,1,1,P,0,2,1.1,1
Mattictuck-Inlet-NY,8512668,UCKN6,41.02,-72.56,6.77,5.58,2.71,0.00,0,1,P,0,2,1.1,1
Main-Beach-E-Hampton-NY,est0029,MAIN6,40.94,-72.19,4.04,3.15,1.44,0,0,1,P,0,2,1.1,1
Astoria-OR,9439040,ASTO3,46.21,-123.77,10.72,8.61,4.51,0.00,1,1,P,0,2,1.1,1
Garibaldi-OR,9437540,TLBO3,45.55,-123.92,10.43,8.32,4.50,0.00,1,1,P,0,2,1.1,1
South-Beach-Yaquina-R.-OR,9435380,SBEO3,44.63,-124.04,10.62,8.34,4.45,0.00,1,1,P,0,2,1.1,1
Wauna-OR,9439099,WAUO3,46.16,-123.41,8.67,6.81,3.30,0.00,1,1,P,0,2,1.1,1
St-Helens-OR,9439201,SHNO3,45.87,-122.8,4.09,3.21,1.47,0.00,1,1,P,0,1,1.1,1
Charleston-OR,9432780,CHAO3,43.34,-124.32,9.65,7.62,4.08,0.00,1,1,P,0,2,1.1,1
Port-Orford-OR,9431647,PORO3,42.74,-124.5,9.33,7.28,3.93,0.00,1,1,P,0,2,1.1,1
Hammond-OR,9439011,ZZZZZ,46.2,-123.94,10.64,8.36,4.38,0.00,0,1,P,0,2,1.1,1
Depoe-Bay-OR,9435827,ZZZZZ,44.81,-124.06,10.65,8.24,4.42,0.00,0,1,P,0,2,1.1,1
Waldport-OR,9434939,ZZZZZ,44.44,-124.06,9.35,7.59,4.09,0.00,0,1,P,0,2,1.1,1
Cascade-Head-OR,9436381,ZZZZZ,45.05,-124.01,9.96,7.13,3.60,0.00,0,1,P,0,2,1.1,1
Marcus-Hook-PA,8540433,MRCP1,39.81,-75.41,7.33,6.17,3.14,0.00,1,1,P,0,2,1.1,1
Philadelphia-PA,8545240,PHBP1,39.93,-75.14,7.64,6.69,3.49,0.00,1,1,P,0,2,1.1,1
Bridesburg-PA,8546252,BDSP1,39.98,-75.08,7.95,6.97,3.59,0.00,1,1,P,0,2,1.1,1
Newbold-PA,8548989,NBLP1,40.14,-74.75,9.69,8.39,4.32,0.00,1,1,P,0,2,1.1,1
Conimicut-Light-RI,8452944,CPTR1,41.72,-71.34,5.95,4.58,2.10,0.00,1,1,P,0,2,1.1,1
Newport-RI,8452660,NWPR1,41.51,-71.33,5.19,3.85,1.74,0.00,1,1,P,0,2,1.1,1
Quonset-Point-RI,8454049,QPTR1,41.59,-71.41,5.44,4.11,1.87,0.00,0,1,P,0,2,1.1,1
Providence-RI,8454000,FOXR1,41.81,-71.4,6.25,4.84,2.25,0.00,1,1,P,0,2,1.1,1
Block-Island-RI,8459681,ZZZZZ,41.16,-71.61,4.06,2.96,1.38,0.00,0,1,P,0,2,1.1,1
Watch-Hill-Point-RI,8458694,WHLR1,41.31,-71.86,4.54,3.00,1.50,0.00,1,1,S,8452660,2,1.1,1
Oyster-Landing-(N-Inlet-Estuary)-SC,8662245,NIQS1,33.35,-79.19,6.33,5.10,2.68,0.00,1,1,P,0,1,1.1,1
Mytle-Beach-Springmaid-Pier-SC,8661070,MROS1,33.66,-78.92,7.32,5.60,2.71,0.00,1,1,P,0,2,1.1,1
Charleston-SC,8665530,CHTS1,32.78,-79.92,7.26,5.77,2.93,0.00,1,1,P,0,2,1.1,1
N-Santee-Bridge-SC,8662793,NSNS1,33.21,-79.39,5.26,4.22,2.12,0,1,1,S,8665530,2,1.1,1
S-Island-Winyah-SC,8662549,WYSS1,33.25,-79.27,5.34,4.12,2.01,0.00,1,1,S,8665530,2,1.1,1
Hagley-Waccamaw-River-SC,8661991,HAGS1,33.44,-79.18,5.60,3.84,1.99,0.00,1,1,S,8665530,2,1.1,1
Sandy-Island-SC,8661703,WPIS1,33.51,-79.14,4.55,3.68,2.01,0.00,1,1,P,0,2,1.1,1
Nixon-Crossroads-SC,8660166,NIXS1,33.85,-78.65,6.25,4.55,2.16,0.00,1,1,S,8665530,2,1.1,1
Pee-Dee-R.-Georgetown-SC,8662931,PDGS1,33.37,-79.27,4.76,3.97,1.99,0.00,1,1,P,0,2,1.1,1
McClellanville-SC,8662799,SSNS1,33.15,-79.35,5.97,4.51,2.25,0.00,1,1,S,8665530,2,1.1,1
Beaufort-SC,8667999,BRBS1,32.43,-80.67,9.80,7.98,4.32,0.00,1,1,P,0,1,1.1,1
Edisto-Beach-SC,8667425,ACFS1,32.53,-80.36,8.15,6.66,3.53,0.00,1,1,S,8670870,2,1.1,1
Sabine-Pass-TX,8770570,SBPT2,29.73,-93.87,2.27,1.61,0.97,0.00,0,1,P,0,3,1.1,1
Nueces-Bay-TX,8775244,NUET2,27.83,-97.48,1.35,0.70,0.38,0.00,0,1,P,0,2,1.1,1
Port-Ingleside-TX,8775283,NGLT2,27.82,-97.2,1.14,0.59,0.33,0.00,0,1,P,0,2,1.1,1
Port-Arthur-TX,8770475,PORT2,29.87,-93.93,1.57,1.04,0.60,0.00,1,1,P,0,3,1.1,1
Morgans-Point-TX,8770613,MGPT2,29.68,-94.98,2.00,1.33,0.73,0.00,1,1,P,0,3,1.1,1
Realitos-Peninsula-TX,8779280,RLIT2,26.26,-97.28,1.11,0.56,0.31,0.00,1,1,P,0,3,1.1,1
Rockport-TX,8774770,RCPT2,28.02,-97.05,0.88,0.37,0.19,0.00,1,1,P,0,3,1.1,1
Port-Aransas-TX,8775237,RTAT2,27.84,-97.07,1.80,1.04,0.65,0.00,1,1,P,0,2,1.1,1
Aransas-Aransas-Pass-TX,8775241,ANPT2,27.84,-97.04,2.19,1.37,0.83,0.00,1,1,P,0,2,1.1,1
Galveston-Pier-21-TX,8771450,GTOT2,29.31,-94.79,2.15,1.41,0.83,0.00,1,1,P,0,2,1.1,1
Texas-Point-TX,8770822,TXPT2,29.69,-93.84,2.78,1.93,1.15,0.00,1,1,P,0,3,1.1,1
Port-Aransas-TX,8775270,ZZZZZ,27.83,-97.05,3.08,1.63,0.92,0.00,0,1,P,0,2,1.1,1
South-Padre-Island-CG-Station-tx,8779748,PCGT2,26.07,-97.17,2.27,1.37,0.81,0.00,1,1,P,0,2,1.1,1
SPI-Brazos-Santiago-TX,8779749,BZST2,26.07,-97.15,2.33,1.47,0.87,0.00,1,1,P,0,2,1.1,1
Padre-Island-TX,8779750,ZZZZZ,26.07,-97.16,2.43,1.48,0.88,0.00,0,1,P,0,2,1.1,1
Uss-Lexington-TX,8775296,TAQT2,27.81,-97.39,1.35,0.60,0.34,0.00,1,1,P,0,2,1.1,1
San-Luis-Pass-TX,8771972,LUIT2,29.09,-95.11,2.03,1.17,0.69,0.00,1,1,P,0,2,1.1,1
Bob-Hall-Pier-TX,8775870,MQTT2,27.58,-97.22,2.62,1.63,0.93,0.00,0,1,P,0,2,1.1,1
Freeport-TX,8772447,FCGT2,28.93,-95.3,2.50,1.64,0.90,0.00,0,1,P,0,3,1.1,1
Manchester-TX,8770777,NCHT2,29.73,-95.27,2.35,1.62,0.89,0.00,1,1,P,0,2,1.1,1
Matagorda-City-TX,8773146,EMAT2,28.71,-95.91,1.12,0.47,0.27,0.00,1,1,P,0,2,1.1,1
Port-Lavaca-TX,8773259,VCAT2,28.64,-96.61,1.64,0.90,0.49,0.00,1,1,P,0,2,1.1,1
Port-O'Connor-TX,8773701,PCNT2,28.45,-96.4,1.46,0.72,0.40,0.00,1,1,P,0,2,1.1,1
Matagorda-Bay-Entrance-Channel-TX,8773767,MBET2,28.43,-96.33,2.12,1.24,0.74,0.00,1,1,P,0,2,1.1,1
Packery-Channel-TX,8775792,PACT2,27.63,-97.24,1.11,0.42,0.22,0.00,1,1,P,0,2,1.1,1
Aransas-Wildlife-Refuge-TX,8774230,AWRT2,28.23,-96.8,0.83,0.33,0.17,0.00,1,1,P,0,3,1.1,1
Lynchburg-Landing-TX,8770733,ZZZZZ,29.77,-95.08,2.29,1.49,0.81,0.00,0,1,P,0,3,1.1,1
Sargent-TX,8772985,SGNT2,28.77,-95.62,1.40,0.69,0.39,0.00,1,1,P,0,3,1.1,1
Seadrift-TX,8773037,SDRT2,28.41,-96.71,0.86,0.35,0.19,0.00,1,1,P,0,3,1.1,1
Eagle-Point-TX,8771013,EPTT2,29.48,-94.92,1.78,1.12,0.61,0.00,1,1,P,0,3,1.1,1
Rainbow-Bridge-TX,8770520,RBBT2,29.98,-93.88,1.56,0.98,0.55,0.00,1,1,P,0,3,1.1,1
High-Island-TX,8770808,HIST2,29.59,-94.39,1.98,1.32,0.74,0.00,1,1,P,0,3,1.1,1
Port-Isabel-TX,8779770,PTIT2,26.06,-97.22,2.20,1.37,0.81,0.00,1,1,P,0,2,1.1,1
Galveston-Bay-Entrance-TX,8771341,GNJT2,29.36,-94.72,2.47,1.67,0.97,0.00,1,1,P,0,3,1.1,1
Galveston-Pleasure-Pier-TX,8771510,ZZZZZ,29.29,-94.79,3.00,2.04,1.11,0.00,0,1,P,0,2,1.1,1
Galveston-Railroad-Bridge-TX,8771486,GRRT2,29.3,-94.9,2.10,1.27,0.75,0.00,1,1,P,0,2,1.1,1
Rollover-Pass-TX,8770971,RLOT2,29.52,-94.51,2.07,1.35,0.74,0.00,1,1,P,0,3,1.1,1
Copano-Bay-TX,8774513,CPNT2,28.12,-97.02,0.53,0.39,0.21,0.00,1,1,P,0,3,1.1,1
Windmill-Point-VA,8636580,WNDV2,37.62,-76.29,2.00,1.39,0.70,0.00,1,1,P,0,3,1.1,1
Sewells-Point-VA,8638610,SWPV2,36.95,-76.33,3.70,2.76,1.36,0.00,1,1,P,0,2,1.1,1
Portsmouth-(Money-Point)-VA,8639348,MNPV2,36.82,-76.29,4.15,3.20,1.57,0.00,1,1,P,0,2,1.1,1
Colonial-Beach-VA,8635150,ZZZZZ,38.25,-76.96,2.52,1.94,0.97,0.00,0,1,P,0,3,1.1,1
Yorktown-USCG-VA,8637689,YKTV2,37.25,-76.5,3.49,2.58,1.24,0.00,1,1,P,0,2,1.1,1
Kiptopeke-Beach-VA,8632200,KPTV2,37.17,-75.99,3.93,2.94,1.42,0.00,1,1,P,0,2,1.1,1
Chesapeake-Bay-Br-Tunnel-VA,8638863,CBBV2,36.97,-76.11,3.93,2.91,1.42,0.00,0,1,P,0,2,1.1,1
CBBT-Chesapeake-Channel-VA,8638901,CHBV2,37.03,-76.08,3.97,3.01,1.47,0.00,1,1,P,0,2,1.1,1
Lewisetta-VA,8635750,LWTV2,37.99,-76.47,1.96,1.51,0.76,0.00,1,1,P,0,3,1.1,1
Wachapreague-VA,8631044,WAHV2,37.61,-75.69,5.54,4.48,2.26,0.00,1,1,P,0,2,1.1,1
Alexandria-VA,8634214,AXTV2,38.81,-77.04,2.57,1.63,0.12,-1.32,1,1,S,8594900,1,1.1,1
Dahlgren-VA,8635027,NCDV2,38.32,-77.04,2.49,1.91,0.94,0.00,1,1,P,0,3,1.1,1
Aquia-Creek-VA,8634858,AQCV2,38.42,-77.35,1.94,1.5,0.75,0,0,1,S,8594900,3,1.1,1
Quantico-VA,8634689,QTGV2,38.52,-77.29,2.07,1.62,0.86,0,0,1,S,8594900,3,1.1,1
Old-Point-Comfort-VA,8638288,FTMV2,37,-76.31,3.40,2.52,1.13,0,1,1,S,8638610,3,1.1,1
Western-Branch-VA,8638339,ELZV2,36.82,-76.4,3.90,3.12,1.54,0.00,1,1,P,0,2,1.1,1
Jamestown-VA,8637712,JSFV2,37.22,-76.79,2.85,2.23,1.10,0.00,1,1,P,0,3,1.1,1
Browns-Bay-VA,8637444,MJBV2,37.32,-76.43,4,2.68,1.29,0,0,1,S,8638610,2,1.1,1
Saxis-Starling-Creek-VA,8633777,SAXV2,37.92,-75.73,3.31,2.54,1.25,0.00,1,1,P,0,2,1.1,1
Gaskins-PT-VA,8632869,NSWV2,37.48,-75.94,2.49,2.05,1.03,0.00,1,1,P,0,3,1.1,1
Holidays-Points-VA,8638409,NMDV2,36.84,-76.55,5.01,3.93,2.03,0,1,1,S,8638610,2,1.1,1
Wallops-Island-VA,8630440,CHIV2,37.9,-75.41,4.5,2.81,1.34,0,1,1,S,8570280,2,1.1,1
Rappahannock-Light-VA,8632837,RPLV2,37.54,-76.02,2.21,1.87,0.94,0.00,0,1,P,0,3,1.1,1
Coles-Neck-VA,8635485,CPMV2,38.14,-76.61,2.17,1.79,0.91,0,0,1,S,8594900,3,1.1,1
Anheuser-Busch-VA,est0032,CCHV2,37.29,-75.92,7.0,4.83,2.37,0,0,1,P,0,2,1.1,1
Poquoson-VA,est0033,BKNV2,37.11,-76.39,5.0,2.65,1.35,0,1,1,P,0,2,1.1,1
Hampton-VA,est0034,HMNV2,37.03,-76.34,5.0,2.9,1.4,0,1,1,P,0,2,1.1,1
Lynnhaven-Inlet-VA,est0035,LHNV2,36.91,-76.09,4.0,2.57,1.23,0,1,1,P,0,2,1.1,1
Mount-Vernon-VA,8579629,MVRV2,38.71,-77.06,3.17,2.59,1.28,0,0,1,S,8594900,3,1.1,1
Leesylvania-Park-VA,est0036,LSPV2,38.59,-77.25,1.81,1.55,0.74,0,0,1,P,0,3,1.1,1
Chesapeake-Bay-CBF-VA,est2350,PRTV2,37.83,-75.98,2.16,1.86,0.90,0.0,1,1,P,0,3,1.1,1
Friday-Harbor-WA,9449880,FRDW1,48.55,-123.01,9.39,7.76,4.55,0.00,1,1,P,0,2,1.1,1
Vancouver-WA,9440083,VAPW1,45.63,-122.7,3.83,3.18,1.34,0.00,1,1,P,0,3,1.1,1
Cape-Disappointment-WA,9440581,CPTW1,46.28,-124.05,10.37,8.07,4.30,0.00,1,1,P,0,2,1.1,1
Toke-Point-WA,9440910,TOKW1,46.71,-123.97,11.34,8.92,4.79,0.00,1,1,P,0,1,1.1,1
Westport-WA,9441102,WPTW1,46.9,-124.11,11.35,9.14,4.87,0.00,1,1,P,0,2,1.1,1
Neah-Bay-WA,9443090,NEAW1,48.37,-124.62,10.34,7.96,4.32,0.00,1,1,P,0,1,1.1,1
Seattle-WA,9447130,EBSW1,47.6,-122.34,13.23,11.36,6.64,0.00,1,1,P,0,2,1.1,1
Skamokawa-WA,9440569,SKAW1,46.27,-123.45,9.29,7.35,3.66,0.00,1,1,P,0,2,1.1,1
Port-Angeles-WA,9444090,PTAW1,48.13,-123.44,9.17,7.07,4.25,0.00,1,1,P,0,2,1.1,1
Cherry-Point-WA,9449424,CHYW1,48.86,-122.76,10.96,9.15,5.28,0.00,1,1,P,0,2,1.1,1
Longview-WA,9440422,LOPW1,46.1,-122.95,5.25,4.47,2.02,0.00,1,1,P,0,1,1.1,1
Tacoma-WA,9446484,TCNW1,47.27,-122.41,13.65,11.78,6.84,0.00,1,1,P,0,2,1.1,1
Port-Townsend-WA,9444900,PTWW1,48.11,-122.75,10.09,8.52,4.99,0.00,1,1,P,0,2,1.1,1
La-Push-WA,9442396,LAPW1,47.91,-124.64,11.11,8.52,4.58,0.00,1,1,P,0,1,1.1,1
Yoman-Point-Anderson-Island-WA,9446705,ZZZZZ,47.18,-122.68,15.37,13.48,7.71,0.00,0,1,P,0,2,1.1,1
Jetty-A-Columbia-River-WA,9440572,ZZZZZ,46.27,-124.07,9.89,8.49,4.58,0.00,0,1,S,9439040,2,1.1,1
Armitage-Island-WA,9449932,ZZZZZ,48.53,-122.8,9.42,7.84,4.66,0.00,0,1,P,0,2,1.1,1
Rosario-WA,9449711,ZZZZZ,48.65,-122.87,2.76,2.20,1.25,0,0,1,P,0,3,1.1,1
Swinomish-WA,9448682,ZZZZZ,48.46,-122.51,10.43,8.73,5.04,0.00,0,1,P,0,2,1.1,1
Telegraph-Bay-WA,9449988,ZZZZZ,48.44,-122.81,7.61,6.21,3.71,0.00,0,1,P,0,2,1.1,1
Kanaka-Bay-San-Juan-Island-WA,9449856,ZZZZZ,48.48,-123.08,8.89,7.33,4.39,0.00,0,1,P,0,2,1.1,1
Waldron-Island-WA,9449746,ZZZZZ,48.69,-123.04,10.25,8.42,4.88,0.00,0,1,P,0,2,1.1,1
Green-Bank-WA,9447883,ZZZZZ,48.1,-122.57,13.75,11.35,6.61,0.00,0,1,P,0,2,1.1,1
Point-Roberts-WA,9449639,ZZZZZ,48.98,-123.08,11.81,9.79,5.64,0.00,0,1,P,0,2,1.1,1
Tahola-WA,9441644,ZZZZZ,47.35,-124.29,7.49,5.51,2.53,0,0,1,P,0,2,1.1,1
Upright-Head-WA,9449911,ZZZZZ,48.57,-122.89,9.65,7.84,4.62,0.00,0,1,P,0,2,1.1,1
Wauna-WA,9446291,ZZZZZ,47.38,-122.63,16.11,13.51,7.64,0.00,0,1,P,0,2,1.1,1
Shilshole-Bay-GPS-Buoy-WA,9447214,ZZZZZ,47.67,-122.42,0,0,0,0,0,0,P,0,9,1.1,1
CURRITUCK-SOUND-NC,est2301,MINN7,36.5271,-75.9902,0.09,0.03,0.01,0.0,1,1,P,0,3,1.1,1
SAVANNAH-RIVER-SC,est2303,SVDG1,32.0804,-81.0814,8.59,6.79,3.28,0.0,1,1,P,0,2,1.1,1
SHELTER-ISLAND-NY,est2304,TERN6,41.0441,-72.3169,3.91,3.25,1.56,0.0,1,1,P,0,2,1.1,1
INDIAN-RIVER-DE,est2305,IRRD1,38.5916,-75.2117,3.13,2.47,1.11,0.0,1,1,P,0,3,1.1,1
SHALLOWBAG-BAY-NC,8652232,RMLN7,35.9082,-75.6684,0.68,0.47,0.20,0.00,1,1,P,0,3,1.1,1
WARD-CREEK-NC,est2307,OTWN7,34.7808,-76.574,3.22,2.57,1.16,0.0,1,1,P,0,2,1.1,1
CURRITUCK-SOUND-B-NC,est2308,SNDN7,36.0946,-75.7981,0.15,0.07,0.04,0.0,1,1,P,0,3,1.1,1
NEWPORT-RIVER-NC,est2309,NWPN7,34.7809,-76.8596,2.11,1.68,0.64,0.0,1,1,P,0,3,1.1,1
CURRITUCK-SOUND-D-NC,est2310,DKBN7,36.1652,-75.7555,0.15,0.08,0.04,0.0,1,1,P,0,3,1.1,1
EASTERN-BAY-MD,est2311,CLNM2,38.8369,-76.2806,1.45,1.20,0.58,0.0,1,1,P,0,3,1.1,1
ALBEMARLE-SOUND-NC,est2313,KITN7,36.0607,-75.6999,0.17,0.1,0.05,0.0,1,1,P,0,3,1.1,1
PAMLICO-SOUND-NC,est2314,FRIN7,35.2524,-75.6013,0.77,0.64,0.31,0.0,1,1,P,0,3,1.1,1
COOPER-RIVER-SC,est2315,CPCS1,32.8024,-79.9101,6.93,5.29,2.48,0.0,1,1,P,0,2,1.1,1
CURRITUCK-SOUND-C-NC,est2316,CBRN7,36.3592,-75.9459,0.09,0.02,0.01,0.0,1,1,P,0,3,1.1,1
CURRITUCK-SOUND-B-NC,est2317,BLIN7,36.4226,-75.9652,0.07,0.007,0.003,0.0,0,1,P,0,3,1.1,1
PAMLICO-SOUND-S-NC,est2318,STUN7,35.6988,-75.7702,0.82,0.66,0.32,0.0,1,1,P,0,3,1.1,1
SKULL-CREEK-HILTON-SC,8668918,BFCS1,32.2653,-80.7381,9.37,7.39,3.89,0.00,1,1,P,0,1,1.1,1
CRISFIELD-MD,8571091,CRSM2,37.9783,-75.8636,2.60,2.15,1.00,0.00,1,1,P,0,3,1.1,1
WINYAH-BAY-NC,est2321,WYBS1,33.3092,-79.2881,4.47,3.48,1.53,0.0,0,1,P,0,2,1.1,1
WANDO-RIVER-SC,est2322,WRCS1,32.9213,-79.8244,7.4,5.83,2.75,0.0,1,1,P,0,2,1.1,1
SAVANNAH-RIVER-GA,est2324,GCYG1,32.1161,-81.1283,9.02,6.95,3.32,0.0,1,1,P,0,2,1.1,1
CHOWAN-RIVER-NC,est2325,WONN7,36.4025,-76.9344,0.32,0.26,0.13,0.0,1,1,P,0,3,1.1,1
TRENT-RIVER-NC,est2326,RBDN7,35.0693,-77.1346,0.8,0.65,0.3,0.0,1,1,P,0,3,1.1,1
ROANOKE-SOUND-NAGS-NC,est2327,NAGN7,35.9339,-75.6216,0.42,0.35,0.18,0.0,1,1,P,0,3,1.1,1
AVON-HARBOR-NC,est2328,AVNN7,35.3473,-75.5123,0.8,0.66,0.32,0.0,1,1,P,0,3,1.1,1
PORT-WENTWORTH-SC,est2329,PWNG1,32.1653,-81.1549,9.01,6.96,3.3,0.0,1,1,P,0,2,1.1,1
MOUNT-PLEASANT-SC,est2330,WRIS1,32.8591,-79.8962,7.13,5.54,2.58,0.0,1,1,P,0,2,1.1,1
COOPER-RIVER-N-Char-SC,est2331,CPFS1,32.8905,-79.9629,7.31,5.75,2.7,0.0,1,1,P,0,2,1.1,1
ASHLEY-RIVER-SC,est2332,ASPS1,32.8346,-80.0237,7.26,5.53,2.57,0.0,1,1,P,0,2,1.1,1
CHOWAN-RIVER-VA,est2333,EWPN7,36.0564,-76.6106,0.33,0.23,0.12,0.0,1,1,P,0,3,1.1,1
PASQUOTANK-RIVER-VA,est2334,EMWN7,36.2986,-76.2186,0.14,0.06,0.03,0.0,1,1,P,0,3,1.1,1
WALNUT-ISLAND-VA,est2335,WTIN7,36.2455,-75.8663,0.12,0.05,0.02,0.0,0,1,P,0,3,1.1,1
WARE-RIVER-SCHLEY-VA,est2336,WRVV2,37.3794,-76.4254,2.75,2.14,0.99,0.0,1,1,P,0,3,1.1,1
ELIZABETH-RIVER-VA,est2337,EZMV2,36.862,-76.3095,3.41,2.74,1.3,0.0,1,1,P,0,3,1.1,1
THALIA-CREEK-VA,est2338,THAV2,36.8432,-76.1244,3.1,2.41,1.09,0.0,1,1,P,0,2,1.1,1
LONDON-BRIDGE-CREEK-VA,est2339,LONV2,36.841,-76.057,3.13,2.48,1.10,0.0,1,1,P,0,2,1.1,1
LITTLE-NECK-CREEK-VA,est2340,LTCV2,36.8593,-75.9845,2.25,1.75,0.77,0.0,1,1,P,0,3,1.1,1
LAKE-RUDEE-VA,est2341,LRBV2,36.8247,-75.9853,4.5,3.5,1.67,0.0,1,1,P,0,2,1.1,1
KIAWAH-RIVER-SC,8667062,KIAS1,32.6039,-80.1324,7.60,6.16,3.09,0.00,1,1,P,0,1,1.1,1
HOBUCKEN-NC,est2344,HBKN7,35.2449,-76.5917,0.46,0.33,0.14,0.0,0,1,P,0,3,1.1,1
Rappahannock-River-VA,est2345,RAPV2,37.931283,-76.85563,1.69,1.36,0.64,0.0,1,1,P,0,3,1.1,1
Nansemond-River-VA,est2346,NRSV2,36.84243,-76.52242,3.42,2.76,1.31,0.0,1,1,P,0,2,1.1,1
Pagan-River-VA,est2347,SMSV2,36.98239,-76.6212,3.15,2.50,1.16,0.0,0,1,P,0,2,1.1,1
Chesapeake-Gwynn-Island-VA,est2348,WCKV2,37.4924,-76.31004,1.37,1.08,0.52,0.0,1,1,P,0,3,1.1,1
Pungoteague-Creek-VA,est2349,HBRV2,37.666523,-75.830192,2.07,1.68,0.80,0.0,0,1,P,0,3,1.1,1
KIVALINA-AK,9491253,KVTA2,67.73,-164.5919,1.16,0.90,0.44,0.00,0,1,P,0,3,1.1,1
KOTZEBUE-AK,9490424,KZTA2,66.895,-162.5664,0.89,0.71,0.34,0.00,0,1,P,0,3,1.1,1
DEERING-AK,9469751,DRTA2,66.0972,-162.7406,2.23,1.82,0.95,0.00,0,1,P,0,3,1.1,1
KIPNUK-AK,9465951,KIPA2,59.939,-164.0371,10.56,8.28,4.07,0.00,0,1,P,0,2,1.1,1
KWIGILLINGOK-AK,9465911,KWGA2,59.8798,-163.1663,13.68,10.38,4.75,0.00,1,1,P,0,2,1.1,1
Naknek-AK,9465203,NNKA2,58.7321,-156.9833,23.44,20.04,9.14,0.00,0,1,P,0,1,1.1,1
TUNUNAK-AK,ber2307,TNUA2,60.5781,-165.2692,5.05,3.36,1.24,0.0,1,1,P,0,1,1.1,1
NELSON-LAGOON-AK,ber2308,NLSA2,56.0041,-161.1751,10.3,8.57,4.85,0.0,0,1,P,0,1,1.1,1
DILLINGHAM-AK,9465374,DBHA2,59.0374,-158.462,24.36,20.64,10.84,0.00,1,1,P,0,1,1.1,1
MAGUEYES-ISLAND-PR,9759110,MGIP4,17.97,-67.0467,1.03,0.67,0.33,0.00,1,1,P,0,3,1.1,1
MAYAGUEZ-PR,9759394,MGZP4,18.2183,-67.1617,1.84,1.37,0.63,0.00,1,1,P,0,3,1.1,1
SAN-JUAN-PR,9755371,SJNP4,18.4583,-66.1167,2.22,1.57,0.76,0.00,1,1,P,0,2,1.1,1
ESPERANZA-PR,9752695,ESPP4,18.0933,-65.4717,1.11,0.74,0.39,0.00,1,1,P,0,3,1.1,1
CULEBRA-PR,9752235,CLBP4,18.3017,-65.3017,1.62,1.12,0.54,0.00,1,1,P,0,2,1.1,1
ISABLE-SEGUNDA-VIEQUES-ISLAND-PR,9752619,VQSP4,18.1533,-65.4433,1.66,1.23,0.59,0.00,0,1,P,0,2,1.1,1
FAJARDO-PR,9753216,FRDP4,18.335,-65.6317,1.99,1.51,0.73,0.00,0,1,P,0,2,1.1,1
YABUCOA-HARBOR-PR,9754228,YABP4,18.055,-65.8333,1.12,0.72,0.35,0.00,0,1,P,0,3,1.1,1
ARECIBO-PR,9757809,AROP4,18.48,-66.7017,2.38,1.75,0.82,0.00,0,1,P,0,2,1.1,1
PENUELAS-PR,9758053,PLSP4,17.9733,-66.7617,1.13,0.70,0.35,0.00,0,1,P,0,2,1.1,1
CHARLOTTE-AMALIE-VI,9751639,CHAV3,18.33,-64.925,1.22,0.79,0.38,0.00,1,1,P,0,2,1.1,1
LAMESHUR-BAY-VI,9751381,LAMV3,18.3183,-64.725,1.30,0.83,0.40,0.00,1,1,P,0,2,1.1,1
CHRISTIANSTED-HARBOR-VI,9751364,CHSV3,17.7483,-64.6983,1.10,0.75,0.38,0.00,1,1,P,0,2,1.1,1
LIMETREE-BAY-VI,9751401,LTBV3,17.695,-64.7533,1.15,0.71,0.37,0.00,1,1,P,0,2,1.1,1
Binney-Dock-FL,8722213,BNNF1,27.4675,-80.3008,2.96,2.36,1.23,0.00,0,1,P,0,1,1.1,1
Ponce-De-Leon-Inlet-S-FL,8721147,PDLF1,29.0636,-80.9161,4.76,3.40,1.64,0.00,0,1,P,0,1,1.1,1
Mona-Island-PR,9759938,MISP4,18.09,-67.9383,1.10,0.81,0.41,0,1,1,P,0,3,1.1,1
Coal-Point-AK,9455558,HREA2,59.6055,-151.4221,23.76,18.43,9.73,0,1,1,P,0,1,1.1,1
Stonington-Harbor-ME,8414348,STHM1,44.1553,-68.6632,12.00,10.13,5.29,0.00,1,1,S,8413320,2,1.1,1
Bucksport-ME,8414684,BKPM1,44.5696,-68.7882,13.00,11.89,5.96,0.00,1,1,S,8413320,2,1.1,1
Boothbay-Harbor-ME,8416908,BTBM1,43.82,-69.62,12.00,9.72,4.88,0.00,1,1,S,8418150,1,1.1,1
St.-George-Tides-ME,8415933,STGM1,43.9286,-69.2603,12.00,9.94,5.01,0.00,1,1,S,8418150,1,1.1,1
Schuylkill-River-PA,8545120,PHDP1,39.9566,-75.1803,7.64,6.69,3.49,0.00,1,1,S,8545240,2,1.1,1
West-Point-VA,8636769,WSPV2,37.537,-76.7862,5.64,3.54,1.76,0.00,1,1,S,8638610,2,1.1,1
James-River-VA,8638495,RICV2,37.525,-77.4211,4.70,3.68,1.92,0.00,1,1,P,0,2,1.1,1
Huntington-Park-VA,8638401,JLMV2,37.0118,-76.4551,3.70,2.96,1.47,0.00,1,1,S,8638610,2,1.1,1
Little-Creek-NAB-VA,8638776,LCEV2,36.923,-76.1835,3.50,2.77,1.35,0.00,1,1,S,8638863,2,1.1,1
Scuffeltown-Creek-VA,8638660,PCCV2,36.8086,-76.2871,3.96,3.11,1.53,0.00,1,1,P,0,2,1.1,1
Engelhard-NC,8653471,EGHN7,35.5089,-75.9969,0.93,0.57,0.27,0.00,0,1,P,0,3,1.1,1
WILMINGTON-BEACH-NC,8658559,CBCN7,34.0451,-77.8891,5.90,4.51,2.17,0.00,1,1,S,8654400,2,1.1,1
Sunset-Beach-Bridge-NC,8659899,SBNN7,33.8813,-78.5112,7.90,5.28,2.58,0.00,0,1,S,8661070,2,1.1,1
